Time,V1,V2,V3,V4,V5,V6,V7,V8,V9,V10,V11,V12,V13,V14,V15,V16,V17,V18,V19,V20,V21,V22,V23,V24,V25,V26,V27,V28,Amount,Class
0.0,-1.3598071336738,-0.0727811733098497,2.53634673796914,1.37815522427443,-0.338320769942518,0.462387777762292,0.239598554061257,0.0986979012610507,0.363786969611213,0.0907941719789316,-0.551599533260813,-0.617800855762348,-0.991389847235408,-0.311169353699879,1.46817697209427,-0.470400525259478,0.207971241929242,0.0257905801985591,0.403992960255733,0.251412098239705,-0.018306777944153,0.277837575558899,-0.110473910188767,0.0669280749146731,0.128539358273528,-0.189114843888824,0.133558376740387,-0.0210530534538215,149.62,0
4462.0,-2.30334956758553,1.759247460267,-0.359744743330052,2.33024305053917,-0.821628328375422,-0.0757875706194599,0.562319782266954,-0.399146578487216,-0.238253367661746,-1.52541162656194,2.03291215755072,-6.56012429505962,0.0229373234890961,-1.47010153611197,-0.698826068579047,-2.28219382856251,-4.78183085597533,-2.61566494476124,-1.33444106667307,-0.430021867171611,-0.294166317554753,-0.932391057274991,0.172726295799422,-0.0873295379700724,-0.156114264651172,-0.542627889040196,0.0395659889264757,-0.153028796529788,239.93,1
406.0,-2.3122265423263,1.95199201064158,-1.60985073229769,3.9979055875468,-0.522187864667764,-1.42654531920595,-2.53738730624579,1.39165724829804,-2.77008927719433,-2.77227214465915,3.20203320709635,-2.89990738849473,-0.595221881324605,-4.28925378244217,0.389724120274487,-1.14074717980657,-2.83005567450437,-0.0168224681808257,0.416955705037907,0.126910559061474,0.517232370861764,-0.0350493686052974,-0.465211076182388,0.320198198514526,0.0445191674731724,0.177839798284401,0.261145002567677,-0.143275874698919,0.0,1
0.0,1.19185711131486,0.26615071205963,0.16648011335321,0.448154078460911,0.0600176492822243,-0.0823608088155687,-0.0788029833323113,0.0851016549148104,-0.255425128109186,-0.166974414004614,1.61272666105479,1.06523531137287,0.48909501589608,-0.143772296441519,0.635558093258208,0.463917041022171,-0.114804663102346,-0.183361270123994,-0.145783041325259,-0.0690831352230203,-0.225775248033138,-0.638671952771851,0.101288021253234,-0.339846475529127,0.167170404418143,0.125894532368176,-0.0089830991432281,0.0147241691924927,2.69,0
7.0,-0.89428608220282,0.286157196276544,-0.113192212729871,-0.271526130088604,2.6695986595986,3.72181806112751,0.370145127676916,0.851084443200905,-0.392047586798604,-0.410430432848439,-0.705116586646536,-0.110452261733098,-0.286253632470583,0.0743553603016731,-0.328783050303565,-0.210077268148783,-0.499767968800267,0.118764861004217,0.57032816746536,0.0527356691149697,-0.0734251001059225,-0.268091632235551,-0.204232669947878,1.0115918018785,0.373204680146282,-0.384157307702294,0.0117473564581996,0.14240432992147,93.2,0
2.0,-0.425965884412454,0.960523044882985,1.14110934232219,-0.168252079760302,0.42098688077219,-0.0297275516639742,0.476200948720027,0.260314333074874,-0.56867137571251,-0.371407196834471,1.34126198001957,0.359893837038039,-0.358090652573631,-0.137133700217612,0.517616806555742,0.401725895589603,-0.0581328233640131,0.0686531494425432,-0.0331937877876282,0.0849676720682049,-0.208253514656728,-0.559824796253248,-0.0263976679795373,-0.371426583174346,-0.232793816737034,0.105914779097957,0.253844224739337,0.0810802569229443,3.67,0
10.0,0.38497821518095,0.616109459176472,-0.874299702595052,-0.0940186259679115,2.92458437838817,3.31702716826156,0.470454671805879,0.53824722837695,-0.558894612428441,0.30975539423728,-0.259115563735702,-0.326143233995877,-0.0900467227020648,0.362832368569793,0.928903660629178,-0.129486811402759,-0.809978925963589,0.359985390219981,0.70766382644648,0.12599157561542,0.049923685888971,0.238421512225103,0.0091298686126286,0.996710209581086,-0.767314827174801,-0.492208295340017,0.042472441919027,-0.0543373883732122,9.99,0
1.0,-0.966271711572087,-0.185226008082898,1.79299333957872,-0.863291275036453,-0.0103088796030823,1.24720316752486,0.23760893977178,0.377435874652262,-1.38702406270197,-0.0549519224713749,-0.226487263835401,0.178228225877303,0.507756869957169,-0.28792374549456,-0.631418117709045,-1.0596472454325,-0.684092786345479,1.96577500349538,-1.2326219700892,-0.208037781160366,-0.108300452035545,0.0052735967825345,-0.190320518742841,-1.17557533186321,0.647376034602038,-0.221928844458407,0.0627228487293033,0.0614576285006353,123.5,0
6986.0,-4.39797444171999,1.35836702839758,-2.5928442182573,2.67978696694832,-1.12813094208956,-1.70653638774951,-3.49619729302467,-0.248777743025673,-0.24776789948008,-4.80163740602813,4.89584422347523,-10.9128193194019,0.184371685834387,-6.77109672468083,-0.0073261825777121,-7.35808322132346,-12.5984185405511,-5.13154862842983,0.308333945758691,-0.17160787864796,0.573574068424352,0.176967718048195,-0.436206883597401,-0.0535018648884285,0.252405261951833,-0.657487754764504,-0.827135714578603,0.849573379985768,59.0,1
472.0,-3.0435406239976,-3.15730712090228,1.08846277997285,2.2886436183814,1.35980512966107,-1.06482252298131,0.325574266158614,-0.0677936531906277,-0.270952836226548,-0.838586564582682,-0.414575448285725,-0.503140859566824,0.676501544635863,-1.69202893305906,2.00063483909015,0.666779695901966,0.599717413841732,1.72532100745514,0.283344830149495,2.10233879259444,0.661695924845707,0.435477208966341,1.37596574254306,-0.293803152734021,0.279798031841214,-0.145361714815161,-0.252773122530705,0.0357642251788156,529.0,1
11.0,1.0693735878819,0.287722129331455,0.828612726634281,2.71252042961718,-0.178398016248009,0.337543730282968,-0.0967168617395962,0.115981735546597,-0.221082566236194,0.460230444301678,-0.773656930526689,0.32338724546722,-0.0110758870883779,-0.178485175177916,-0.65556427824926,-0.19992517131173,0.1240054151819,-0.980496201537345,-0.982916082135047,-0.153197231044512,-0.0368755317335273,0.0744124028162195,-0.0714074332998586,0.104743752596029,0.548264725394119,0.104094153162781,0.0214910583643189,0.021293311477486,27.5,0
1.0,-1.35835406159823,-1.34016307473609,1.77320934263119,0.379779593034328,-0.503198133318193,1.80049938079263,0.791460956450422,0.247675786588991,-1.51465432260583,0.207642865216696,0.624501459424895,0.066083685268831,0.717292731410831,-0.165945922763554,2.34586494901581,-2.89008319444231,1.10996937869599,-0.121359313195888,-2.26185709530414,0.524979725224404,0.247998153469754,0.771679401917229,0.909412262347719,-0.689280956490685,-0.327641833735251,-0.139096571514147,-0.0553527940384261,-0.0597518405929204,378.66,0
9.0,-0.33826175242575,1.11959337641566,1.04436655157316,-0.222187276738296,0.49936080649727,-0.24676110061991,0.651583206489972,0.0695385865186387,-0.736727316364109,-0.366845639206541,1.01761446783262,0.836389570307029,1.00684351373408,-0.443522816876142,0.150219101422635,0.739452777052119,-0.540979921943059,0.47667726004282,0.451772964394125,0.203711454727929,-0.246913936910008,-0.633752642406113,-0.12079408408185,-0.385049925313426,-0.0697330460416923,0.0941988339514961,0.246219304619926,0.0830756493473326,3.68,0
7519.0,1.23423504613468,3.0197404207034,-4.30459688479665,4.73279513041887,3.62420083055386,-1.35774566315358,1.71344498787235,-0.496358487073991,-1.28285782036322,-2.44746925511151,2.10134386504854,-4.6096283906446,1.46437762476188,-6.07933719308005,-0.339237372732577,2.58185095378146,6.73938438478335,3.04249317830411,-2.72185312222835,0.0090608363953452,-0.37906830709218,-0.704181032215427,-0.656804756348389,-1.63265295692929,1.48890144838237,0.566797273468934,-0.0100162234965625,0.146792734916988,1.0,1
2.0,-1.15823309349523,0.877736754848451,1.548717846511,0.403033933955121,-0.407193377311653,0.0959214624684256,0.592940745385545,-0.270532677192282,0.817739308235294,0.753074431976354,-0.822842877946363,0.53819555014995,1.3458515932154,-1.11966983471731,0.175121130008994,-0.451449182813529,-0.237033239362776,-0.0381947870352842,0.803486924960175,0.408542360392758,-0.0094306971323291,0.79827849458971,-0.137458079619063,0.141266983824769,-0.206009587619756,0.502292224181569,0.219422229513348,0.215153147499206,69.99,0
10.0,1.249998742053,-1.22163680921816,0.383930151282291,-1.23489868766892,-1.48541947377961,-0.753230164566149,-0.689404975426345,-0.227487227519552,-2.09401057344842,1.32372927445937,0.227666231237246,-0.242681998944186,1.20541680770748,-0.317630527025074,0.725674990179153,-0.815612186027305,0.873936447614439,-0.847788598847099,-0.683192626267037,-0.102755941505071,-0.231809239223849,-0.483285330117712,0.0846676908596583,0.392830885335013,0.161134553588505,-0.354990039673962,0.0264155490776107,0.0424220887282304,121.5,0
7.0,-0.644269442348146,1.41796354547385,1.0743803763556,-0.492199018495015,0.948934094764157,0.428118462833089,1.12063135838353,-3.80786423873589,0.615374730667027,1.24937617815176,-0.619467796121913,0.291474353088705,1.75796421396042,-1.32386521970526,0.686132504394383,-0.0761269994382006,-1.2221273453247,-0.358221569869078,0.324504731321494,-0.156741852488285,1.94346533978412,-1.01545470979971,0.057503529867291,-0.649709005559993,-0.415266566234811,-0.0516342969262494,-1.20692108094258,-1.08533918832377,40.8,0
10.0,1.44904378114715,-1.17633882535966,0.913859832832795,-1.37566665499943,-1.97138316545323,-0.62915213889734,-1.4232356010359,0.0484558879088564,-1.72040839292037,1.62665905834133,1.1996439495421,-0.671439778462005,-0.513947152539479,-0.0950450453999549,0.230930409124119,0.0319674667862076,0.253414715863197,0.854343814324194,-0.221365413645481,-0.387226474431156,-0.0093018965249005,0.313894410791098,0.0277401580170247,0.500512287104917,0.25136735874921,-0.129477953726618,0.0428498709381461,0.0162532619375515,7.8,0
12.0,-2.7918547659339,-0.327770756658658,1.64175016056605,1.76747274389883,-0.136588446465306,0.80759646826532,-0.422911389711497,-1.90710747624096,0.755712908314791,1.1510869876677,0.844555470974377,0.7929439518176,0.370448092803246,-0.734975105820311,0.406795710431001,-0.303057623825763,-0.155868714793874,0.778265457041536,2.22186801373788,-1.58212204356551,1.15166304848789,0.222181966098225,1.02058620426601,0.0283166513238872,-0.232746324289105,-0.23555721754117,-0.16477751177654,-0.0301536365592253,58.8,0
4.0,1.22965763450793,0.141003507049326,0.0453707735899449,1.20261273673594,0.191880988597645,0.272708122899098,-0.0051590028825098,0.0812129398830894,0.464959994783886,-0.0992543211289237,-1.41690724314928,-0.153825826253651,-0.75106271556262,0.16737196252175,0.0501435942254188,-0.443586797916727,0.002820512472347,-0.61198733994012,-0.0455750446637976,-0.21963255278686,-0.167716265815783,-0.270709726172363,-0.154103786809305,-0.780055415004671,0.75013693580659,-0.257236845917139,0.0345074297438413,0.0051677689062491,4.99,0
